{
	"class_name" : "PinholeCameraParameters",
	"extrinsic" : 
	[
		0.95370272195283246,
		0.17107454056252111,
		-0.24735525001721878,
		0.0,
		-0.18010227404978885,
		0.98354585889144763,
		-0.014167368830497937,
		0.0,
		0.24086155571583701,
		0.058060701242810764,
		0.96882127657754291,
		0.0,
		-0.23733003949804723,
		0.3596791802440607,
		-0.45395376121463599,
		1.0
	],
	"intrinsic" : 
	{
		"height" : 1029,
		"intrinsic_matrix" : 
		[
			891.14014049418745,
			0.0,
			0.0,
			0.0,
			891.14014049418745,
			0.0,
			959.5,
			514.0,
			1.0
		],
		"width" : 1920
	},
	"version_major" : 1,
	"version_minor" : 0
}